Semester,Year,Instructor,Dept,Course ID,Course Name,Section,Type,Responses,Enrollment,Resp. Rate %,1: Hrs Per Week 9,2: Interest in student learning,3: Explain course requirements,4: Clear learning goals,5: Feedback to students,6: Importance of subject,7: Explains subject matter ,8: Show respect for students,9: Overall teaching,10: Overall course
,2016,,,,Year of 2016,,,367,563,65%,11.68,4.51,4.27,4.33,4.34,4.46,4.33,4.58,4.3,4.25
Spring,2016,MARIA ELENA VERSARI,BXA,52202,VIS CUL TOTALITARIAN,A,Lect,2,4,50%,8,5,4.5,4.5,4.5,4.5,4,4.5,4.5,4.5
Spring,2016,CARRIE HAGAN,BXA,52392,BXA SEM III,A,Lect,10,17,59%,5,4.3,3.89,3.9,3.2,3.7,3.8,4.2,3.6,3.1
Spring,2016,M. STEPHANIE MURRAY,BXA,52402,BXA SEM V: CAPSTONE,A,Lect,10,29,34%,9.9,4.7,4.6,4.8,4.7,4.8,4.8,4.9,4.6,4.6
Spring,2016,ROBERT HEARD,CMU,99238,MATERLS ENGY ENVIRON,A,Lect,17,34,50%,5.53,4.29,3.59,3.94,3.53,4.18,4.12,4.41,3.88,3.76
Spring,2016,WILLIAM ALBA,CMU,99245,ENRGY SCI SOC COMM,A,Lect,4,8,50%,7.25,3.5,2.5,2.25,3.25,4,3.25,4.25,3.25,2.75
Spring,2016,"FINGER, S. (co-taught)",CMU,99352,SOFT SKILLS FABRICAT,A4,Lect,5,11,45%,3.8,5,5,5,5,5,5,5,5,5
Spring,2016,"LIU, J. (co-taught)",CMU,99352,SOFT SKILLS FABRICAT,A4,Lect,5,11,45%,3.8,5,5,5,5,5,5,5,5,5
Spring,2016,DAVID TOURETZKY,CMU,99353,SOLIDWORKS LASER CUT,A4,Lect,11,17,65%,7.5,4.36,3.82,4.45,4.09,4.45,4.36,4.27,4.45,4.45
Spring,2016,GARTH ZEGLIN,CMU,99355,INTRO TO ARDUINO,A4,Lect,7,11,64%,5.86,4.86,4.43,4.57,4.86,4.71,4.43,4.86,4.57,4.71
Spring,2016,AMY BURKERT,CMU,99405,DIRECTED STUDY,A,Lect,1,3,33%,5,5,5,5,5,5,5,5,5,5
Spring,2016,JUDITH HALLINEN,CMU,99461,TUTOR TEACH & LEAD,A,Lect,3,3,100%,10,4.33,4.33,4.67,4.67,4.33,4.33,4.33,4.33,4.33
Spring,2016,DARAGH BYRNE,III,49713,INTERNET OF THINGS,A3,Lect,22,31,71%,13.55,4.68,4.32,4.23,3.95,4.38,4.05,4.59,4.14,4.33
Spring,2016,DARAGH BYRNE,III,49719,IOT ELECTIVE,A4,Lect,11,12,92%,15.64,4.73,4.45,4.55,4.73,4.55,4.27,4.82,4.45,4.55
Spring,2016,JOHN LANKFORD,III,49720,PRODUCT & BRAND MGMT,A3,Lect,21,31,68%,10.14,4.48,4.33,4.52,4.19,4.62,4.57,4.38,4.48,4.52
Spring,2016,"ANDERSON, E. (co-taught)",III,49741,IPD CAPSTONE,A,Lect,27,31,87%,16.93,4.59,4.48,4.52,4.52,4.56,4.37,4.52,4.37,4.48
Spring,2016,"KARA, L. (co-taught)",III,49741,IPD CAPSTONE,A,Lect,27,31,87%,16.93,4.7,4.52,4.59,4.67,4.7,4.63,4.7,4.59,4.52
Spring,2016,"BOATWRIGHT, P. (co-taught)",III,49741,IPD CAPSTONE,A,Lect,27,31,87%,16.93,4.59,4.63,4.59,4.63,4.59,4.56,4.7,4.52,4.52
Spring,2016,ANTHONY WASSERMAN,III,49762,SW PROD STRATEGY,B3,Lect,9,15,60%,12,4.44,4.44,4.44,4.78,4.33,4.33,4.44,4.33,4.44
Spring,2016,RAVI THOMAS,III,49763,BUS OF SOFTWARE,B4,Lect,9,14,64%,9.13,4.11,3.67,3.89,3.44,3.89,3.78,4.44,3.67,3.44
Spring,2016,RINA LEVY,III,49771,PROCESS PROJ MNGT,A3,Lect,13,23,57%,11.83,3.31,3.38,3.38,3.46,3.38,2.92,3.46,2.77,3.23
Spring,2016,SHERYL ROOT,III,49771,PROCESS PROJ MNGT,B3,Lect,13,20,65%,16.15,4.77,4.85,4.62,4.85,4.69,4.77,4.85,4.77,4.54
Spring,2016,SHERYL ROOT,III,49771,PROCESS PROJ MNGT,R3,Lect,3,3,100%,13.33,4.67,4.67,5,4.33,4.67,4.67,5,4.67,4
Spring,2016,PAOLO MALABUYO,III,49780,HCI,B4,Lect,19,24,79%,12.67,4.89,4.58,4.84,4.79,4.84,4.95,4.79,4.78,4.68
Spring,2016,KARIMULLA SHAIKH,III,49781,DATA ANALYTICS,B4,Lect,9,24,38%,9.88,3.56,3.22,3,3.56,3.22,2.56,4.33,2.78,2.56
Spring,2016,SUKHJIT SINGH,III,49784,JAVA SMARTPHONE DEV,A,Lect,6,14,43%,18.5,2.83,2.67,3,2.5,2.83,3,2.67,2.17,3.33
Spring,2016,JOHN EVANS,III,49801,ENTERPRISE INNOVATIO,A,Lect,11,14,79%,11.18,4.82,4.82,4.82,4.82,4.82,4.82,5,4.91,4.91
Spring,2016,JOHN EVANS,III,49801,ENTERPRISE INNOVATIO,B,Lect,12,26,46%,13.42,4.92,4.75,4.58,4.92,4.75,4.83,4.92,4.92,4.92
Spring,2016,JOHN EVANS,III,49801,ENTERPRISE INNOVATIO,R,Lect,2,4,50%,21,5,4,4,4.5,4,4,5,5,4.5
Spring,2016,SHERYL ROOT,III,49804,LEADERSHIP CHALLENGE,A4,Lect,26,33,79%,7.64,4.5,4.19,4,4.54,4.69,4.42,4.77,4.27,4
Spring,2016,SHERYL ROOT,III,49804,LEADERSHIP CHALLENGE,B4,Lect,13,18,72%,6.25,4.92,4.75,4.69,4.85,4.92,4.85,4.92,4.85,4.54
Spring,2016,JOHN EVANS,III,49805,SPECIAL TOPICS CIP-2,A,Lect,12,16,75%,9,4.58,3.75,3.92,3.92,4.33,4.08,4.67,4.17,3.67
Semester,Year,Instructor,Dept,Course ID,Course Name,Section,Type,Responses,Enrollment,Resp. Rate %,1: Hrs Per Week 9,2: Interest in student learning,3: Explain course requirements,4: Clear learning goals,5: Feedback to students,6: Importance of subject,7: Explains subject matter,8: Show respect for students,9: Overall teaching,10: Overall course
,2015,,,,Year of 2015,,,955,1357,70%,9.1,4.39,4.19,4.23,4.14,4.32,4.22,4.56,4.2,4.05
Summer,2015,SELMA LIMAM MANSAR,CMU,99411,SUMMER INTERNSHIP,W,Lect,2,5,40%,24,4.5,4.5,4.5,4.5,4.5,4.5,4.5,4.5,4.5
Spring,2015,M. STEPHANIE MURRAY,BXA,52290,LITERACY/DISCIPLINES,A,Lect,7,12,58%,5.86,4.57,4.43,4.43,4.43,4.43,4.43,4.57,4.29,4.14
Spring,2015,CARRIE HAGAN,BXA,52391,BXA JUNIOR PORTFOLIO,A,Lect,9,28,32%,2.43,4,4,3.71,3.86,4,4,4,3.86,3.71
Spring,2015,FRANCO SCIANNAMEO,BXA,52399,BXA INTERDISC SEMR,A,Lect,11,16,69%,3.36,4,2.64,2.73,2.73,3.55,2.82,4.45,3.09,2.55
Spring,2015,M. STEPHANIE MURRAY,BXA,52402,BXA CAPSTONE PRJ II,A,Lect,19,37,51%,8.37,4.42,4.32,4.32,4.05,4.39,4.47,4.63,4.32,4.32
Spring,2015,CARRIE HAGAN,BXA,52410,BXA JUNIOR SEMINAR,A,Lect,10,22,45%,4.33,4.6,4.2,4.22,3.8,4.2,4.4,4.4,4.2,4.1
Spring,2015,"CHICKERING, D. (co-taught)",CMU,99151,PRVLG RSPNSBLTY COMM,A4,Lect,6,21,29%,7,4.83,4.33,4.5,4.17,4.33,4.17,4.83,4.17,4.17
Spring,2015,"EVANS, M. (co-taught)",CMU,99151,PRVLG RSPNSBLTY COMM,A4,Lect,6,21,29%,6.5,4.83,4.33,4.5,4.17,4.33,4.33,4.83,4.33,4.17
Spring,2015,ANGELA LUSK,CMU,99152,THRIVE@CMU,A4,Lect,8,12,67%,2.38,4.88,4.88,4.75,4.38,5,4.63,5,4.75,4.5
Spring,2015,PAULA MARTIN,CMU,99193,PERSONAL NUTRITION,A3,Lect,10,23,43%,5.3,4.5,4.4,4.3,4.9,4.9,4.7,4.7,4.6,4.8
Spring,2015,WILLIAM ALBA,CMU,99245,ENRGY SCI SOC COMM,A,Lect,2,3,67%,5,4,3,3.5,4,5,4,5,4.5,4
Spring,2015,PEGGY HEIDISH,CMU,99452,LANG & CUL TEACHNING,A3,Lect,4,7,57%,5,5,5,5,4.75,4.75,4.75,5,4.75,4.5
Spring,2015,JUDITH HALLINEN,CMU,99461,TUTOR TEACH & LEAD,A,Lect,5,13,38%,5,5,4.8,5,5,5,5,5,5,5
Fall,2015,M. STEPHANIE MURRAY,BXA,52190,BXA SEM I,A,Lect,6,8,75%,5,4.33,3.5,3.5,2.67,3.67,4.5,4.83,4,4
Fall,2015,M. STEPHANIE MURRAY,BXA,52401,BXA SEM IV: CAPSTONE,A,Lect,8,12,67%,5.75,4.88,4.88,4.88,4.38,4.75,4.5,5,4.88,4
Fall,2015,CARRIE HAGAN,BXA,52401,BXA SEM IV: CAPSTONE,B,Lect,8,17,47%,6.88,4.38,4,3.75,3.75,3.88,4.13,4.38,4,3.25
Fall,2015,TERESA MACGREGOR,CMU,99104,CARNEGIE SKILLS WRKS,W,Lect,12,16,75%,4.5,4.67,4.5,4.75,4.33,4.58,4.58,5,4.42,3.67
Fall,2015,TERESA MACGREGOR,CMU,99104,CARNEGIE SKILLS WRKS,WW,Lect,12,17,71%,4.75,3.92,4.25,4.25,3.83,3.83,4.25,4.25,4,3.42
Fall,2015,ALICIA SALAZ,CMU,99104,CARNEGIE SKILLS WRKS,X,Lect,14,15,93%,4.08,4.64,4.5,4.54,4.43,4.5,4.64,4.93,4.71,4.21
Fall,2015,ALICIA SALAZ,CMU,99104,CARNEGIE SKILLS WRKS,XX,Lect,7,15,47%,8.14,4.57,4.57,4.71,4.71,4.57,4.57,4.86,4.86,4.71
Fall,2015,ALICIA SALAZ,CMU,99104,CARNEGIE SKILLS WRKS,Y,Lect,12,16,75%,3.91,4.17,4.08,4.25,4.5,4,4.33,4.58,4,3.92
Fall,2015,ALICIA SALAZ,CMU,99104,CARNEGIE SKILLS WRKS,YY,Lect,12,16,75%,4.73,4.33,4.67,4.83,4.25,4.5,4.42,4.75,4.67,4
Fall,2015,ALICIA SALAZ,CMU,99104,CARNEGIE SKILLS WRKS,Z,Lect,11,13,85%,2.55,4.18,4.27,4.3,4,4.73,4.36,4.82,4.18,3.45
Fall,2015,"CHICKERING, D. (co-taught)",CMU,99151,PRVLG RSPNSBLTY COMM,A2,Lect,7,17,41%,3.5,4.71,4.43,4.57,3.57,4.43,4.43,4.71,4.29,3.57
Fall,2015,"KENGOR, K. (co-taught)",CMU,99151,PRVLG RSPNSBLTY COMM,A2,Lect,7,17,41%,3.5,4,4,4,3.43,4.14,4,4.14,3.71,3.86
Fall,2015,ANGELA LUSK,CMU,99152,THRIVE@CMU,A2,Lect,8,16,50%,2,5,4.75,4.75,4.63,4.75,4.88,5,4.88,4.75
Fall,2015,LAUREN AIKEN-SMITH,CMU,99190,MNGNG STRS RSTNG HRM,A1,Lect,5,14,36%,3.8,5,4.8,4.4,4.2,4.6,4.2,5,4,4.6
Fall,2015,"SHELL, K. (co-taught)",CMU,99194,RELATIONSHIPS 101,A2,Lect,12,23,52%,5.25,4.67,4.25,4.67,4.58,4.75,4.75,4.67,4.5,4.5
Fall,2015,"AIKEN-SMITH, L. (co-taught)",CMU,99194,RELATIONSHIPS 101,A2,Lect,12,23,52%,5.3,4.27,4.09,4.27,4.09,4.55,4.36,4.09,4.18,4.5
Fall,2015,WILLIAM ALBA,CMU,99241,REVLUTNS CIRCULARITY,A,Lect,11,15,73%,6.5,4.91,3.82,3.82,3.91,4.45,4.18,5,4.45,4.09
Fall,2015,PEGGY HEIDISH,CMU,99452,LANG & CUL TEACHNING,A1,Lect,7,9,78%,4.57,4.86,5,5,5,5,5,4.86,5,5
Fall,2015,BRYAN KOVAL,CMU,99530,SENIOR PREPARTN SEMR,A2,Lect,2,5,40%,5,4.5,4.5,4.5,3.5,4.5,4.5,4.5,4,4.5
Fall,2015,JULIAN BOXENBAUM,III,49300,ST: INT PROD CONCEPT,A,Lect,5,6,83%,11,4.4,3.8,3.8,4,4,3.4,4.4,3.6,3.8
Fall,2015,DREW DEGENTESH,III,49700,ENG DESIGN FUND,A1,Lect,17,18,94%,13.29,4.41,4.47,4.65,4.41,4.65,4.59,4.29,4.65,4.35
Fall,2015,TIM CUNNINGHAM,III,49701,ID FUNDAMENTALS,A1,Lect,20,23,87%,9.16,4.2,3.7,3.6,3.6,4.15,3.8,4.2,3.75,3.7
Fall,2015,TIM CUNNINGHAM,III,49701,ID FUNDAMENTALS,B1,Lect,5,6,83%,6.8,3.8,3.8,3.8,3.6,4,4,4.6,4,3.8
Fall,2015,DAVID LAMONT,III,49702,BUSINESS FUND,A1,Lect,22,24,92%,11.09,4.32,4.4,4.45,4.29,4.41,4.18,4.64,4.27,4.27
Fall,2015,"FLETCHER, T. (co-taught)",III,49703,CAREER PLANNING,A,Lect,29,32,91%,3.86,4.21,3.83,3.72,3.9,3.86,3.69,4.34,3.62,3.11
Fall,2015,"KUBILIUS, T. (co-taught)",III,49703,CAREER PLANNING,A,Lect,29,32,91%,3.77,4.25,4.14,4.07,3.86,4.15,3.96,4.07,4,3.78
Fall,2015,MATTHEW ZYWICA,III,49710,VISUAL PROCESSES,A2,Lect,22,25,88%,11.38,4.77,4.5,4.73,4.77,4.77,4.82,4.86,4.77,4.77
Fall,2015,ERIC ANDERSON,III,49711,ADV VISUAL PROCESSES,A2,Lect,7,7,100%,11.14,4.43,4,4.29,4.43,4.43,4.43,4.14,4.29,4.29
Fall,2015,FRANCINE GEMPERLE,III,49712,USER RESEARCH,22,Lect,29,32,91%,12.04,4.76,4.66,4.76,4.38,4.66,4.62,4.78,4.76,4.72
Fall,2015,NOE VARGAS HERNANDEZ,III,49730,DFM,A1,Lect,30,33,91%,9.38,4,3.63,3.57,3.23,3.63,3.43,4.57,3.03,3.17
Fall,2015,NOE VARGAS HERNANDEZ,III,49731,DFE,A2,Lect,28,31,90%,9.59,3.75,3.63,3.57,3.32,3.75,3.21,4.25,3.18,3.14
Fall,2015,"ANDERSON, E. (co-taught)",III,49740,IPD METHODS,A1,Lect,27,31,87%,13.52,4,4.04,4.3,4.07,4.26,4.22,4.33,4.11,4.22
Fall,2015,"CAGAN, J. (co-taught)",III,49740,IPD METHODS,A1,Lect,27,31,87%,13.52,4.44,4.44,4.48,4.44,4.44,4.44,4.67,4.44,4.33
Fall,2015,"BOATWRIGHT, P. (co-taught)",III,49740,IPD METHODS,A1,Lect,27,31,87%,13.52,4.44,4.44,4.33,4.26,4.41,4.33,4.67,4.3,4.3
Fall,2015,JULIAN BOXENBAUM,III,49748,SPECIAL TOPICS,A2,Lect,8,9,89%,11.13,4,3.75,3.63,4,4.5,4.25,3.88,3.88,3.88
Fall,2015,SHERYL ROOT,III,49750,SW PROD DEF,A1,Lect,8,17,47%,14.63,4.75,4.5,4.5,4.5,4.63,4.38,4.88,4.5,4
Fall,2015,SHERYL ROOT,III,49750,SW PROD DEF,R1,Lect,3,5,60%,21.67,4.67,4.67,4.67,4.67,4.67,4.67,4.67,4.67,4.67
Fall,2015,ANTHONY WASSERMAN,III,49751,REQUIRE ANALYS,A2,Lect,6,14,43%,16.17,4.33,3.33,3.33,4.17,4.33,4.33,4.17,4,4
Fall,2015,ANTHONY WASSERMAN,III,49751,REQUIRE ANALYS,R2,Lect,4,4,100%,22.67,3.5,3.25,3.5,3.5,4,3.25,4,3.25,3.5
Fall,2015,"WASSERMAN, A. (co-taught)",III,49752,PROD DEF AND VALIDAT,A,Lect,13,18,72%,11.54,4.46,4.54,4.46,4.62,4.69,4.46,4.62,4.54,4.54
Fall,2015,"ROOT, S. (co-taught)",III,49752,PROD DEF AND VALIDAT,A,Lect,13,18,72%,10.83,4.83,4.58,4.67,4.42,4.83,4.75,4.83,4.83,4.75
Fall,2015,RINA LEVY,III,49752,PROD DEF AND VALIDAT,B,Lect,12,17,71%,10,3.25,1.83,2.25,2.33,2.5,1.67,3,1.83,1.83
Fall,2015,GLADYS MERCIER,III,49760,FOUND OF SW MNGT,A,Lect,10,19,53%,9.5,3.4,4,3.9,3.9,3.7,3.6,4.5,3.6,3.3
Fall,2015,GLADYS MERCIER,III,49760,FOUND OF SW MNGT,B,Lect,12,14,86%,10,4.33,4.58,4.42,4.58,4.33,4.5,4.75,4.25,4.25
Fall,2015,GLADYS MERCIER,III,49761,ELEM OF SW MNGMT,A1,Lect,13,17,76%,13.23,4.62,4.31,4.54,4.46,4,4,4.77,4.15,3.85
Fall,2015,GLADYS MERCIER,III,49761,ELEM OF SW MNGMT,R1,Lect,3,4,75%,8,4.33,4.67,4.67,4.67,4,4,4.67,4,4.33
Fall,2015,SHERYL ROOT,III,49770,METRICS SM MNGRS,A2,Lect,16,21,76%,13.75,4.38,4.25,4.63,4.69,4.44,4.44,4.81,4.38,4.27
Fall,2015,SHERYL ROOT,III,49770,METRICS SM MNGRS,B2,Lect,12,17,71%,13.58,4.83,4.75,4.83,4.83,4.83,4.67,4.92,4.75,4.67
Fall,2015,SHERYL ROOT,III,49770,METRICS SM MNGRS,R2,Lect,2,4,50%,17.5,5,4.5,4.5,5,5,4.5,5,5,4.5
Fall,2015,"WASSERMAN, A. (co-taught)",III,49790,SW MNGMT IND STDY,A,Lect,8,12,67%,14.83,4.8,4.8,4.8,4.8,4.8,4.8,4.8,4.6,4.6
Fall,2015,"MERCIER, G. (co-taught)",III,49790,SW MNGMT IND STDY,A,Lect,8,12,67%,11.67,4.67,4.67,4.5,4.67,4.5,4.67,4.83,4.67,4.67
Fall,2015,"EVANS, J. (co-taught)",III,49790,SW MNGMT IND STDY,A,Lect,8,12,67%,15.6,4.8,4.8,4.8,4.8,4.8,4.8,4.8,4.8,4.8
Fall,2015,"ROOT, S. (co-taught)",III,49790,SW MNGMT IND STDY,A,Lect,8,12,67%,15.33,4.67,4.67,4.67,4.67,4.67,4.67,4.67,4.67,4.67
Fall,2015,"WASSERMAN, A. (co-taught)",III,49791,SW MNGMT CAP PROJ,A,Lect,6,8,75%,11,3,3,3,3,3,3,3,3,3
Fall,2015,"MERCIER, G. (co-taught)",III,49791,SW MNGMT CAP PROJ,A,Lect,6,8,75%,11,4.25,4.25,4.25,4.5,4.5,4.25,4.5,4.5,4
Fall,2015,"EVANS, J. (co-taught)",III,49791,SW MNGMT CAP PROJ,A,Lect,6,8,75%,12.5,4.33,3.67,3.67,4,4,4,4.67,4.33,3.67
Fall,2015,"ROOT, S. (co-taught)",III,49791,SW MNGMT CAP PROJ,A,Lect,6,8,75%,,3,3,3,3,4,4,4,4,2
Fall,2015,"WASSERMAN, A. (co-taught)",III,49792,SW MNGMT PRACTICUM,A,Lect,14,17,82%,14,3.75,3.75,3.75,3.75,3.5,3.5,3.5,3.5,3.5
Fall,2015,"MERCIER, G. (co-taught)",III,49792,SW MNGMT PRACTICUM,A,Lect,14,17,82%,14.13,4.11,4,3.89,4.22,3.89,3.89,4.11,4,4
Fall,2015,"EVANS, J. (co-taught)",III,49792,SW MNGMT PRACTICUM,A,Lect,14,17,82%,11,4.67,5,5,5,5,5,5,5,5
Fall,2015,"ROOT, S. (co-taught)",III,49792,SW MNGMT PRACTICUM,A,Lect,14,17,82%,13.14,4.57,4.57,4.57,4.57,4.57,4.57,4.71,4.57,4.57
Fall,2015,JOHN EVANS,III,49800,COMMERCIAL IP,A,Lect,18,22,82%,8.18,4.33,3.22,3.5,3.67,4.11,3.72,4.67,3.83,3.5
Fall,2015,JOHN EVANS,III,49800,COMMERCIAL IP,B,Lect,19,26,73%,10.22,4.84,4.63,4.68,4.67,4.68,4.63,4.95,4.74,4.63
Fall,2015,JOHN EVANS,III,49802,I&E I,A1,Lect,19,22,86%,7.42,4.63,4.16,4.05,3.84,4.32,4.16,4.89,4.26,3.89
Fall,2015,JOHN EVANS,III,49802,I&E I,B1,Lect,27,36,75%,7.67,4.67,4.44,4.44,4.22,4.56,4.48,4.78,4.44,4.37
Fall,2015,JOHN EVANS,III,49803,I&E II,A2,Lect,1,3,33%,,2,3,3,2,2,2,4,2,2
Fall,2015,JOHN EVANS,III,49803,I&E II,B2,Lect,28,36,78%,6.71,4.71,4.43,4.5,4.29,4.5,4.61,4.79,4.71,4.5
Semester,Year,Instructor,Dept,Course ID,Course Name,Section,Type,Responses,Enrollment,Resp. Rate %,1: Hrs Per Week 8,2: Interest in student learning,3: Explain course requirements,4: Clear learning goals,5: Feedback to students,6: Importance of subject,7: Explains subject matter,8: Show respect for students,9: Overall teaching,10: Overall course
,2014,,,,Year of 2014,,,97,197,49%,5.13,4.68,4.43,4.47,4.36,4.55,4.53,4.78,4.56,4.34
Spring,2014,CARRIE HAGAN,BXA,52391,BXA JUNIOR PORTFOLIO,A,Lect,14,37,38%,3.5,4.43,4.5,4.21,4,4.36,4.36,4.79,4.5,3.93
Spring,2014,FRANCO SCIANNAMEO,BXA,52399,BXA INTERDISC SEMR,A,Lect,4,10,40%,3.5,3.5,2.5,2.75,3,4,3.5,3.75,3.25,3
Spring,2014,M. STEPHANIE MURRAY,BXA,52402,BXA CAPSTONE PRJ II,A,Lect,15,31,48%,7.4,4.87,4.53,4.67,4.53,4.53,4.47,4.93,4.8,4.47
Spring,2014,CARRIE HAGAN,BXA,52410,BXA JUNIOR SEMINAR,A,Lect,14,24,58%,6.71,4.71,4.14,4.21,4.07,4,4.5,4.64,4.31,3.79
Spring,2014,DAVID CHICKERING,CMU,99151,PRVLG RSPNSBLTY COMM,A4,Lect,12,18,67%,5,4.83,4.75,4.64,4.58,4.67,4.58,4.92,4.58,4.58
Spring,2014,ANGELA LUSK,CMU,99152,THRIVE@CMU,A4,Lect,10,13,77%,2.3,4.89,4.8,5,4.8,5,5,5,5,4.8
Spring,2014,PAULA MARTIN,CMU,99193,PERSONAL NUTRITION,A3,Lect,3,16,19%,4,4.67,4.67,5,5,5,5,5,4.67,4.67
Spring,2014,PETER ADAMS,CMU,99234,ENVR TODAY: FOOD,A,Lect,3,7,43%,2,4.33,4,4.33,4.33,4.67,4.33,4.67,4.67,4.67
Spring,2014,WILLIAM ALBA,CMU,99245,ENRGY SCI SOC COMM,A,Lect,3,4,75%,9.33,4.67,3,3,4,4.33,4,4.33,4.33,4
Spring,2014,GARY PATTERSON,CMU,99405,DIRECTED STUDY,A,Lect,8,19,42%,5.75,4.88,4.75,4.88,4.75,4.88,4.88,4.88,4.75,4.88
Spring,2014,PEGGY HEIDISH,CMU,99452,LANG & CUL TEACHNING,A3,Lect,7,11,64%,3.71,4.71,4.86,5,4.71,4.86,4.71,4.86,4.57,4.71
Spring,2014,JUDITH HALLINEN,CMU,99461,TUTOR TEACH & LEAD,A,Lect,4,7,57%,7.25,4.75,4.75,4.5,4,4.75,4.25,4.75,4.5,4.75
Semester,Year,Instructor,Dept,Course ID,Course Name,Section,Type,Responses,Enrollment,Resp. Rate %,1: Hrs Per Week 9,2: Interest in student learning,3: Explain course requirements,4: Clear learning goals,5: Feedback to students,6: Importance of subject,7: Explains subject matter,8: Show respect for students,9: Overall teaching,10: Overall course
,2014,,,,Year of 2014,,,158,282,56%,4.58,4.56,4.4,4.39,4.06,4.46,4.44,4.71,4.35,4.23
Fall,2014,M. STEPHANIE MURRAY,BXA,52190,BXA FR INTERDISC SEM,A,Lect,7,14,50%,4.5,4.71,4.14,3.57,4.14,4.71,4.57,4.71,4.71,4.43
Fall,2014,CARRIE HAGAN,BXA,52291,BUILDING BXA,A,Lect,4,10,40%,6.5,4,4,3.5,3,3.75,4,4,3.5,3.25
Fall,2014,CARRIE HAGAN,BXA,52401,BXA CAPSTONE PRJT I,A,Lect,11,30,37%,4.73,4.55,3.64,3.64,3.55,3.73,3.64,4.36,3.82,3.4
Fall,2014,"MURRAY, M. (co-taught)",BXA,52590,BXA INTERNSHIP,A,Lect,1,2,50%,11,5,5,5,5,5,5,5,5,5
Fall,2014,"HAGAN, C. (co-taught)",BXA,52590,BXA INTERNSHIP,A,Lect,1,2,50%,11,5,5,5,5,5,5,5,5,5
Fall,2014,TERESA MACGREGOR,CMU,99104,CARNEGIE SKILLS WRKS,W,Lect,12,16,75%,3.64,4.17,4.25,4.33,3.67,4.25,3.83,4.42,3.75,3.5
Fall,2014,TERESA MACGREGOR,CMU,99104,CARNEGIE SKILLS WRKS,WW,Lect,9,16,56%,4,4.89,4.78,4.78,4.78,4.78,4.78,4.89,4.56,4.44
Fall,2014,ALICIA SALAZ,CMU,99104,CARNEGIE SKILLS WRKS,X,Lect,10,16,63%,2.67,4.5,4.56,4.4,4,4.3,4.4,4.9,4.2,4.5
Fall,2014,ALICIA SALAZ,CMU,99104,CARNEGIE SKILLS WRKS,XX,Lect,10,15,67%,2.3,4.7,4.5,4.7,4.3,4.4,4.38,4.9,4.6,4.3
Fall,2014,ALICIA SALAZ,CMU,99104,CARNEGIE SKILLS WRKS,Y,Lect,9,14,64%,3,4.78,5,5,4.67,5,5,5,4.78,4.56
Fall,2014,ALICIA SALAZ,CMU,99104,CARNEGIE SKILLS WRKS,YY,Lect,8,15,53%,4.63,4.88,4.75,4.63,4.5,4.63,4.63,5,4.5,4.63
Fall,2014,ALICIA SALAZ,CMU,99104,CARNEGIE SKILLS WRKS,Z,Lect,12,15,80%,5.83,4.5,4.75,4.75,4,4.25,4.42,4.92,4.5,3.92
Fall,2014,ANGELA LUSK,CMU,99152,THRIVE@CMU,A2,Lect,8,14,57%,2.38,4.75,4.88,4.88,4.63,4.88,4.75,4.88,4.63,4.63
Fall,2014,ANGELA LUSK,CMU,99152,THRIVE@CMU,B2,Lect,8,11,73%,4.14,4.75,4.5,4.75,4.5,4.63,4.75,4.75,4.5,4.5
Fall,2014,LAUREN AIKEN-SMITH,CMU,99190,MNGNG STRS RSTNG HRM,A1,Lect,1,11,9%,5,5,5,5,5,5,5,5,5,5
Fall,2014,ROBERT HEARD,CMU,99238,MATERLS ENGY ENVIRON,A,Lect,25,44,57%,5.72,4.32,3.92,4.12,3.28,4.44,4.48,4.56,4.12,4.12
Fall,2014,WILLIAM ALBA,CMU,99241,REVLUTNS CIRCULARITY,A,Lect,8,12,67%,6.5,4.75,4,3.88,4,4.38,4.38,5,4.75,4.75
Fall,2014,PEGGY HEIDISH,CMU,99452,LANG & CUL TEACHNING,A1,Lect,12,13,92%,6,4.5,4.67,4.58,4.5,4.67,4.58,4.42,4.58,4.42
Fall,2014,BRYAN KOVAL,CMU,99530,SENIOR PREPARTN SEMR,A2,Lect,2,12,17%,2,4.5,5,4.5,5,4.5,4.5,4.5,4,4.5
Semester,Year,Instructor,Dept,Course ID,Course Name,Section,Type,Responses,Enrollment,Resp. Rate %,1: Hrs Per Week 8,2: Interest in student learning,3: Explain course requirements,4: Clear learning goals,5: Feedback to students,6: Importance of subject,7: Explains subject matter,8: Show respect for students,9: Overall teaching,10: Overall course
,2013,,,,Year of 2013,,,281,494,57%,5.09,4.61,4.41,4.48,4.37,4.55,4.51,4.72,4.53,4.39
Spring,2013,MELISSA HERNANDEZ,CMU,99151,PRVLG RSPNSBLTY COMM,W4,Lect,4,10,40%,7,4.75,4.75,4.75,4.75,5,5,5,4.75,4.75
Spring,2013,KELLEY SHELL,CMU,99190,MNGNG STRS RSTNG HRM,A4,Lect,7,29,24%,4.57,4.71,4.43,4.71,4.57,4.71,4.71,4.71,4.71,4.71
Spring,2013,PAULA MARTIN,CMU,99193,PERSONAL NUTRITION,A3,Lect,5,23,22%,3.2,4.6,4.4,4.6,5,5,5,5,4.6,4.6
Spring,2013,"AL-ABDI, J. (co-taught)",CMU,99194,RELATIONSHIPS 101,W4,Lect,13,22,59%,5.69,4.69,4.69,4.85,4.38,4.69,4.69,4.62,4.54,4.69
Spring,2013,"REHAL, D. (co-taught)",CMU,99194,RELATIONSHIPS 101,W4,Lect,13,22,59%,5.46,4.54,4.62,4.62,4.31,4.62,4.62,4.69,4.46,4.77
Spring,2013,WILLIAM ALBA,CMU,99242,MNG ACR MILLENNIA,A,Lect,3,6,50%,6,5,3.33,3.67,4,5,4.67,4.67,4.67,4.67
Spring,2013,NICO SLATE,CMU,99331,INDIA TODAY,W3,Lect,1,4,25%,2,5,5,5,5,5,5,5,5,5
Spring,2013,helenz,CMU,99405,DIRECTED STUDY,W,Lect,12,17,71%,6.64,4.92,4.5,4.5,4.83,4.5,4.75,4.83,4.67,4.58
Spring,2013,helenz,CMU,99405,DIRECTED STUDY,X,Lect,12,16,75%,7.25,4.08,3.75,3.83,4.17,3.91,4.17,4.25,4.08,4.08
Spring,2013,PEGGY HEIDISH,CMU,99452,LANG & CUL TEACHNING,A3,Lect,8,14,57%,3.88,4.75,4.75,4.63,4.75,4.63,4.75,4.75,4.75,4.63
Spring,2013,JUDITH HALLINEN,CMU,99461,TUTOR TEACH & LEAD,A,Lect,4,8,50%,6.5,3.5,3.75,3.75,4,4,4,4,4,3.75
Fall,2013,M. STEPHANIE MURRAY,BXA,52190,BXA FR INTERDISC SEM,A,Lect,8,10,80%,3.13,5,4.88,4.88,3.75,5,4.88,5,5,4.88
Fall,2013,CARRIE HAGAN,BXA,52291,BUILDING BXA,A2,Lect,3,11,27%,5,4.33,3.67,4,4.33,4,3.67,4.33,4,4
Fall,2013,FRANCO SCIANNAMEO,BXA,52399,BXA INTERDISC SEMR,A,Lect,3,4,75%,5,4.33,3.67,3.67,3.67,4.33,4,4.67,4,4.33
Fall,2013,M. STEPHANIE MURRAY,BXA,52401,BXA CAPSTONE PRJT I,A,Lect,16,34,47%,6.31,4.75,4.56,4.75,4.63,4.63,4.75,4.81,4.75,4.69
Fall,2013,TERESA MACGREGOR,CMU,99104,CARNEGIESKILLSWRKS,W,Lect,15,19,79%,3.93,4.67,4.27,4.67,4.33,4.43,4.4,4.87,4.6,3.73
Fall,2013,ALICIA SALAZ,CMU,99104,CARNEGIESKILLSWRKS,WW,Lect,8,13,62%,5.88,4.63,4.63,4.75,4.63,4.63,4.63,5,4.88,4.5
Fall,2013,TERESA MACGREGOR,CMU,99104,CARNEGIESKILLSWRKS,X,Lect,13,18,72%,3.38,4.54,4.54,4.38,4.23,4.31,4.46,4.85,4.46,4.08
Fall,2013,ALICIA SALAZ,CMU,99104,CARNEGIESKILLSWRKS,XX,Lect,11,14,79%,3.91,4.91,4.91,4.73,4.82,4.91,4.73,5,4.82,4.55
Fall,2013,ALICIA SALAZ,CMU,99104,CARNEGIESKILLSWRKS,Y,Lect,18,20,90%,5,4.72,4.83,4.89,4.78,4.78,4.67,5,4.83,4.89
Fall,2013,ALICIA SALAZ,CMU,99104,CARNEGIESKILLSWRKS,YY,Lect,12,12,100%,3.75,4.83,4.83,4.92,4.64,4.83,4.82,4.92,4.75,4.75
Fall,2013,ALICIA SALAZ,CMU,99104,CARNEGIESKILLSWRKS,Z,Lect,17,18,94%,4.44,4.82,4.88,4.94,4.88,4.88,4.82,4.94,5,4.88
Fall,2013,"DICKERT, J. (co-taught)",CMU,99151,PRVLG RSPNSBLTY COMM,A2,Lect,5,12,42%,5.6,4.6,4.6,4.6,4.6,4.8,4.6,4.8,4.8,4.6
Fall,2013,"CHICKERING, D. (co-taught)",CMU,99151,PRVLG RSPNSBLTY COMM,A2,Lect,5,12,42%,5.6,4.4,4.4,4.4,4.4,4.2,4.4,4.6,4.4,4.6
Fall,2013,MELISSA HERNANDEZ,CMU,99151,PRVLGRSPNSBLTYCOMM,W2,Lect,5,11,45%,6.5,4.2,3.8,3.4,3.6,4,3.8,5,3.4,3.4
Fall,2013,ANGELA LUSK,CMU,99152,THRIVE@CMU,A2,Lect,9,15,60%,2,4.44,3.89,4.11,4.33,4.67,4,4.78,4.22,3.78
Fall,2013,KELLEY SHELL,CMU,99190,MNGNG STRS RSTNG HRM,A2,Lect,12,31,39%,4.5,4.5,4.42,4.5,4.08,4.5,4.33,4.58,4.25,4.08
Fall,2013,ROBERT HEARD,CMU,99238,MATERLS ENGY ENVIRON,A,Lect,19,32,59%,6.58,4.16,3.63,4,3.16,4.42,4.11,4.21,3.95,3.89
Fall,2013,WILLIAM ALBA,CMU,99241,REVLUTNS CIRCULARITY,A,Lect,9,11,82%,7,4.44,3,2.56,3.78,3,3.33,3.67,3.56,3
Fall,2013,PEGGY HEIDISH,CMU,99452,LANG & CUL TEACHNING,A1,Lect,8,12,67%,5.38,5,5,5,4.88,5,4.88,4.88,5,4.88
Fall,2013,BRYAN KOVAL,CMU,99530,SENIOR PREPARTN SEMR,A2,Lect,3,14,21%,5,5,5,5,4.33,5,4.33,5,5,4.67
Semester,Year,Instructor,Dept,Course ID,Course Name,Section,Type,Responses,Enrollment,Resp. Rate %,1: Hrs Per Week 8,2: Interest in student learning,3: Explain course requirements,4: Clear learning goals,5: Feedback to students,6: Importance of subject,7: Explains subject matter,8: Show respect for students,9: Overall teaching,10: Overall course
,2013,,,,Year of 2013,,,2,4,50%,6.5,4,3.5,4,5,5,4.5,4.5,4.5,4
Fall,2013,CARRIE HAGAN,BXA,52290,LITRCY ACRS DISCPLNS,A1,Lect,2,4,50%,6.5,4,3.5,4,5,5,4.5,4.5,4.5,4
Semester,Year,Instructor,Dept,Course ID,Course Name,Section,Type,Responses,Enrollment,Resp. Rate %,1: Hrs Per Week 5,2: Interest in student learning,3: Explain course requirements,4: Clear learning goals,5: Feedback to students,6: Importance of subject,7: Explains subject matter,8: Show respect for students,9: Overall teaching,10: Overall course
,2012,,,,Year of 2012,,,237,450,53%,4.64,4.44,4.34,4.39,4.29,4.52,4.47,4.68,4.43,4.25
Spring,2012,JOANNA DICKERT,CMU,99151,PRVLG RSPNSBLTY COMM,A3,Lect,3,12,25%,4,5,5,4.67,5,5,4.67,5,5,5
Spring,2012,"DUFFY, J. (co-taught)",CMU,99151,PRVLG RSPNSBLTY COMM,W4,Lect,8,14,57%,7.25,4.5,4.5,4.63,4.25,4.63,4.75,4.75,4.5,4.38
Spring,2012,"DARCO, K. (co-taught)",CMU,99151,PRVLG RSPNSBLTY COMM,W4,Lect,8,14,57%,7,4.38,4.38,4.5,4.38,4.38,4.63,4.63,4.75,4.75
Spring,2012,"AL-ABDI, J. (co-taught)",CMU,99190,MNGNG STRS RSTNG HRM,W4,Lect,6,17,35%,4.5,4.83,4.83,5,4.33,4.83,4.83,5,4.67,4.83
Spring,2012,"REHAL, D. (co-taught)",CMU,99190,MNGNG STRS RSTNG HRM,W4,Lect,6,17,35%,4.4,4.33,4.5,4.5,4.33,4.83,4.67,5,4.67,4.83
Spring,2012,MICHAEL MURPHY,CMU,99208,VISIONING,A4,Lect,5,10,50%,3.8,4.2,4.2,4.6,4.6,4.4,4.6,4.6,4.4,4.4
Spring,2012,WILLIAM ALBA,CMU,99242,MNG ACR MILLENNIA,A,Lect,5,12,42%,6.2,4,2.6,2.8,4,4.2,3.2,4.4,3.8,3.8
Spring,2012,"MUTISYA, E. (co-taught)",CMU,99252,SEM ACADMC COUNSELNG,W,Lect,6,10,60%,2.6,4.6,4.6,4.6,4.4,4.6,4.6,4.4,4.6,4.6
Spring,2012,"OLIVER, M. (co-taught)",CMU,99252,SEM ACADMC COUNSELNG,W,Lect,6,10,60%,3,4.83,4.83,4.83,4.67,4.83,4.83,4.83,4.83,4.83
Spring,2012,PEGGY HEIDISH,CMU,99452,LANG & CUL TEACHNING,A3,Lect,7,14,50%,3.71,4.71,4.86,4.86,4.86,4.86,4.86,4.71,4.71,4.71
Fall,2012,ethanp,CMU,99104,CARNEGIE SKILLS WRKS,W,Lect,12,16,75%,5,3.58,3.75,3.75,3.5,4,3.83,4.17,3.58,3
Fall,2012,ethanp,CMU,99104,CARNEGIE SKILLS WRKS,WW,Lect,9,15,60%,4,4,4.11,4.11,3.89,4.33,4.33,4.11,3.89,3.89
Fall,2012,TERESA MACGREGOR,CMU,99104,CARNEGIE SKILLS WRKS,X,Lect,10,17,59%,3.67,3.9,3.8,4.2,3.9,3.9,4.1,4.5,4.3,3.5
Fall,2012,TERESA MACGREGOR,CMU,99104,CARNEGIE SKILLS WRKS,XX,Lect,10,17,59%,4.67,4.6,4.2,4.4,4.5,4.5,4.5,4.9,4.6,4
Fall,2012,TERESA MACGREGOR,CMU,99104,CARNEGIE SKILLS WRKS,Y,Lect,14,18,78%,2.46,4.43,4.5,4.64,4.43,4.5,4.57,4.71,4.5,3.93
Fall,2012,ethanp,CMU,99104,CARNEGIE SKILLS WRKS,Z,Lect,12,19,63%,4.5,3.83,3.75,3.67,3.08,4,3.83,3.75,3.42,3.17
Fall,2012,"AL-ABDI, J. (co-taught)",CMU,99190,MNGNG STRS RSTNG HRM,W2,Lect,15,23,65%,4.6,4.71,4.6,4.6,4.6,4.73,4.6,4.8,4.47,4.53
Fall,2012,"REHAL, D. (co-taught)",CMU,99190,MNGNG STRS RSTNG HRM,W2,Lect,15,23,65%,4.77,4.8,4.73,4.67,4.67,4.8,4.67,4.93,4.47,4.53
Fall,2012,"MARTIN, P. (co-taught)",CMU,99194,RELATIONSHIPS 101,A2,Lect,10,27,37%,4.7,4.5,4.8,4.6,4.5,4.8,4.6,4.9,4.8,4.6
Fall,2012,"SHELL, K. (co-taught)",CMU,99194,RELATIONSHIPS 101,A2,Lect,10,27,37%,4.4,4.5,4.7,4.7,4.5,4.7,4.6,5,4.9,4.6
Fall,2012,"DAVIS, J. (co-taught)",CMU,99208,VISIONING,W2,Lect,5,8,63%,5.6,4.8,4.6,4.8,4.8,4.8,4.8,5,4.8,4.8
Fall,2012,"SAKR, M. (co-taught)",CMU,99208,VISIONING,W2,Lect,5,8,63%,5,4.6,4.4,4.6,4.4,4.6,4.4,4.6,4.2,4.8
Fall,2012,"HERNANDEZ, M. (co-taught)",CMU,99208,VISIONING,W2,Lect,5,8,63%,5.6,4.8,4.8,4.6,4.6,4.6,4.6,5,4.4,4.6
Fall,2012,ROBERT HEARD,CMU,99238,MATERLS ENGY ENVIRON,A,Lect,12,26,46%,4.5,4.25,4.42,4.42,3.82,4.83,4.58,4.92,4.5,4.25
Fall,2012,WILLIAM ALBA,CMU,99241,REVLUTNS CIRCULARITY,A,Lect,11,14,79%,5.55,4.73,3.27,3.18,3.64,3.82,4.09,4.55,4.27,3.91
Fall,2012,ALEXANDER CHEEK,CMU,99405,DIRECTED STUDY,W,Lect,11,19,58%,7.18,4.45,4.27,4.36,4.64,4.45,4.45,4.73,4.55,4.27
Fall,2012,PEGGY HEIDISH,CMU,99452,LANG & CUL TEACHNING,A1,Lect,8,15,53%,3.13,4.88,4.75,4.75,4.88,4.88,4.75,5,4.88,4.63
Fall,2012,BRYAN KOVAL,CMU,99530,SENIOR PREPARTN SEMR,A2,Lect,3,20,15%,4,5,5,5,5,5,5,5,5,5
Semester,Year,Instructor,Dept,Course ID,Course Name,Section,Type,Responses,Enrollment,Resp. Rate %,1: Hrs Per Week 5,2: Interest in student learning,3: Explain course requirements,4: Clear learning goals,5: Feedback to students,6: Importance of subject,7: Explains subject matter,8: Show respect for students,9: Overall teaching,10: Overall course
,2011,,,,Year of 2011,,,232,513,45%,4.86,4.45,4.25,4.3,4.04,4.33,4.36,4.66,4.31,4.07
Summer,2011,PEGGY HEIDISH,CMU,99452,LANG & CUL TEACHNING,S5,Lect,5,12,42%,9.8,5,4.8,5,5,4.8,5,5,5,5
Spring,2011,JOANNA DICKERT,CMU,99151,PRVLG RSPNSBLTY COMM,A4,Lect,9,22,41%,3.88,3.89,4.22,3.89,3.89,4.22,3.67,4.56,3.33,3.22
Spring,2011,PAULA MARTIN,CMU,99193,PERSONAL NUTRITION,A3,Lect,8,26,31%,4.63,4.63,4.5,4.5,4.63,4.88,4.88,4.75,4.5,4.5
Spring,2011,HELEN WANG,CMU,99208,VISIONING,A4,Lect,8,17,47%,3.5,5,4.63,4.75,4.13,5,4.88,5,5,5
Spring,2011,FAROUK DEY,CMU,99208,VISIONING,B3,Lect,4,8,50%,2.75,4.75,4.5,4.75,4.25,4.75,4.5,4.5,4.75,4.75
Spring,2011,JOHN HANNON,CMU,99208,VISIONING,B4,Lect,6,12,50%,2,4.5,4.83,4.83,5,5,4.67,5,4.83,4.83
Spring,2011,PETER MADSEN,CMU,99234,ENVR TODY: BDV EN JT,A4,Lect,36,77,47%,5.09,4.06,4.03,4.12,3.7,4.15,4.12,4.19,3.97,4
Spring,2011,WILLIAM ALBA,CMU,99242,MNG ACR MILLENNIA,A,Lect,2,8,25%,6.5,4.5,3,3.5,4,4,4,3.5,4,3
Spring,2011,"ALBA, W. (co-taught)",CMU,99243,LGHT FRM ENLGHTNMNT,A,Lect,5,14,36%,3.2,4,3.8,3.6,3.4,3.2,4,4.6,3.75,2
Spring,2011,"cmhicks, . (co-taught)",CMU,99243,LGHT FRM ENLGHTNMNT,A,Lect,5,14,36%,3.2,4.4,4,3.6,3.6,3.4,3.8,4.2,4,2
Spring,2011,jaowens,CMU,99252,SEM ACADMC COUNSELNG,A,Lect,5,7,71%,5,4.8,4.8,4.8,4.6,4.6,4.8,4.8,4.8,4.6
Spring,2011,PEGGY HEIDISH,CMU,99452,LANG & CUL TEACHNING,A3,Lect,5,18,28%,4.4,5,5,5,5,5,5,5,4.8,5
Spring,2011,JUDITH HALLINEN,CMU,99461,TUTOR TEACH & LEAD,A,Lect,3,10,30%,5,5,3.67,4.33,3.33,4,4.33,5,4.33,4
Spring,2011,PETER MADSEN,CMU,99734,ENVR TODY: BDV EN JT,A4,Lect,12,19,63%,6.2,4.25,4,4.25,3.75,4.08,4,4.42,4.42,4
Fall,2011,BIJAN ESFAHANI,CMU,99104,CARNEGIE SKILLS WRKS,W,Lect,8,15,53%,6.29,4.5,3.63,3.5,3.25,3.5,3.63,4.88,3.5,3
Fall,2011,BIJAN ESFAHANI,CMU,99104,CARNEGIE SKILLS WRKS,WW,Lect,8,16,50%,6.29,4.13,4,4,3.38,3.75,3.88,4.25,4.25,3.75
Fall,2011,BIJAN ESFAHANI,CMU,99104,CARNEGIE SKILLS WRKS,X,Lect,9,18,50%,6.33,4.67,4.22,4.22,3.78,4.33,4.5,4.56,4.22,3.89
Fall,2011,BIJAN ESFAHANI,CMU,99104,CARNEGIE SKILLS WRKS,XX,Lect,11,16,69%,5,4.73,4.64,4.55,4.36,4.45,4.45,4.82,4.27,4.09
Fall,2011,BIJAN ESFAHANI,CMU,99104,CARNEGIE SKILLS WRKS,Y,Lect,8,15,53%,5,4.38,4,4.13,3.88,4.25,4.25,5,4.13,3.88
Fall,2011,BIJAN ESFAHANI,CMU,99104,CARNEGIE SKILLS WRKS,Z,Lect,6,19,32%,4,4.83,3.83,4,3.83,3.67,3.67,5,4,3.17
Fall,2011,JOANNA DICKERT,CMU,99151,PRVLG RSPNSBLTY COMM,A2,Lect,7,22,32%,4.14,4.71,4.86,5,4.86,4.43,4.57,5,4.71,4.29
Fall,2011,JOANNA DICKERT,CMU,99151,PRVLG RSPNSBLTY COMM,W2,Lect,5,11,45%,4.25,4.2,4.6,4.6,4.6,4.2,4.8,4.8,4.6,4.4
Fall,2011,KELLEY SHELL,CMU,99190,MNGNG STRS RSTNG HRM,A1,Lect,7,22,32%,3.71,4.43,4.14,4.57,3.71,4.57,4.57,4.71,4.29,4.43
Fall,2011,"DAVIS, J. (co-taught)",CMU,99208,VISIONING,W2,Lect,4,8,50%,4,5,5,5,5,4.75,5,5,5,5
Fall,2011,"DREHER, K. (co-taught)",CMU,99208,VISIONING,W2,Lect,4,8,50%,4.25,5,5,4.75,5,4.75,5,5,5,5
Fall,2011,ROBERT HEARD,CMU,99238,MATERLS ENGY ENVIRON,A,Lect,15,26,58%,4.6,3.87,4.07,4.27,3.4,4.6,4.53,4.8,4.27,4
Fall,2011,WILLIAM ALBA,CMU,99241,REVLUTNS CIRCULARITY,A,Lect,5,11,45%,8,4.8,3.4,3.2,4.2,3.8,4.2,4.6,4.4,4
Fall,2011,YANG CAI,CMU,99428,CREATIVITY,A,Lect,3,5,60%,5,4.67,2.67,4.33,4.33,4.67,4.67,4.67,4.33,4.67
Fall,2011,PEGGY HEIDISH,CMU,99452,LANG & CUL TEACHNING,A1,Lect,13,15,87%,3.85,4.69,4.77,4.54,4.69,4.67,4.62,4.69,4.69,4.69
Fall,2011,HOLLY HIPPENSTEEL,CMU,99530,SENIOR PREPARTN SEMR,A2,Lect,6,22,27%,5,4.83,4.33,4.33,3.83,4.67,4.6,5,4.5,4.33
Semester,Year,Instructor,Dept,Course ID,Course Name,Section,Type,Responses,Enrollment,Resp. Rate %,1: Hrs Per Week 5,2: Interest in student learning,3: Explain course requirements,4: Clear learning goals,5: Feedback to students,6: Importance of subject,7: Explains subject matter,8: Show respect for students,9: Overall teaching,10: Overall course
,2010,,,,Year of 2010,,,428,1389,31%,3.27,3.77,3.87,3.9,3.69,3.75,3.77,4.08,3.86,3.67
Summer,2010,PEGGY HEIDISH,CMU,99452,LANG & CUL TEACHNING,S5,Lect,2,7,29%,8,4.5,4.5,5,5,4.5,4.5,5,5,5
Spring,2010,KELLEY SHELL,CMU,99191,HLTH&WELL ACRSS SPEC,A4,Lect,5,17,29%,3.8,5,4.8,5,4.8,5,5,5,5,4.8
Spring,2010,PAULA MARTIN,CMU,99193,PERSONAL NUTRITION,A3,Lect,5,30,17%,3.8,4.8,4.6,4.6,5,5,4.8,5,4.8,4.6
Spring,2010,WILLIAM ALBA,CMU,99242,MNG ACR MILLENNIA,A,Lect,4,9,44%,5.75,4.5,3.75,3.75,4.25,4.75,4.25,4.75,4.5,4
Spring,2010,jaowens,CMU,99252,SEM ACADMC COUNSELNG,A,Lect,2,6,33%,2,5,5,5,5,5,4.5,5,5,5
Spring,2010,INDIRA NAIR,CMU,99334,RUSSIA TODAY,A,Lect,10,36,28%,5.6,4,4.11,4.44,3.89,4,4.22,4.56,4.7,4.2
Spring,2010,CARA COSTELLO,CMU,99451,FLNCY FOR PRESENTTNS,A3,Lect,4,15,27%,5,4.33,4.5,4.75,4.5,4.5,4.75,4.75,4.5,4.25
Spring,2010,PEGGY HEIDISH,CMU,99452,LANG & CUL TEACHNING,A3,Lect,6,10,60%,5,4.67,4.5,4.67,4.67,4.67,4.67,4.33,4.5,4.33
Spring,2010,JUDITH HALLINEN,CMU,99461,TUTOR TEACH & LEAD,A,Lect,2,4,50%,6.5,4.5,4.5,5,4.5,5,4.5,5,5,5
Spring,2010,MICHELE DIPIETRO,CMU,99701,COLLEGE/UNIV TEACHNG,A,Lect,10,16,63%,5,4.9,4.9,5,4.56,4.8,4.6,5,4.7,4.7
Fall,2010,APRIL RUPP,CMU,99101,CMPTNG CARNEGIE MELL,A1,Lect,3,18,17%,2,3.67,4.33,4.33,3.33,3.67,3.67,3.67,4,3.67
Fall,2010,APRIL RUPP,CMU,99101,CMPTNG CARNEGIE MELL,B1,Lect,2,20,10%,2,3,3,3,2.5,2.5,3,3,3,2.5
Fall,2010,APRIL RUPP,CMU,99101,CMPTNG CARNEGIE MELL,C1,Lect,8,18,44%,2,3.75,4.13,4.25,4,3.63,3.63,4.5,4.25,3.75
Fall,2010,APRIL RUPP,CMU,99101,CMPTNG CARNEGIE MELL,D1,Lect,6,18,33%,2,3.33,3.17,3.67,3.17,3.67,3.17,3.17,3.33,3.67
Fall,2010,APRIL RUPP,CMU,99101,CMPTNG CARNEGIE MELL,E1,Lect,3,19,16%,2,2,3,3,2.33,3,3,3.67,3,2.67
Fall,2010,APRIL RUPP,CMU,99101,CMPTNG CARNEGIE MELL,F1,Lect,2,18,11%,2,4.5,5,5,5,5,4.5,5,5,3
Fall,2010,APRIL RUPP,CMU,99101,CMPTNG CARNEGIE MELL,G1,Lect,4,19,21%,2,4.25,4.25,4.5,3.75,3.75,4.25,4.5,4,4
Fall,2010,APRIL RUPP,CMU,99101,CMPTNG CARNEGIE MELL,H1,Lect,8,20,40%,2.38,3.5,3.83,3.67,3.5,3.33,3.67,3.83,3.67,4
Fall,2010,APRIL RUPP,CMU,99101,CMPTNG CARNEGIE MELL,I1,Lect,2,20,10%,2,3,4,4,3.5,3,3,4,3,2
Fall,2010,APRIL RUPP,CMU,99101,CMPTNG CARNEGIE MELL,J1,Lect,8,18,44%,2.38,3.13,4,3.88,3.38,3,3.38,4.25,3.88,2.88
Fall,2010,APRIL RUPP,CMU,99101,CMPTNG CARNEGIE MELL,K1,Lect,6,15,40%,2.5,3.33,3,3.33,3.33,3.33,3.33,3.5,3.33,3.5
Fall,2010,APRIL RUPP,CMU,99101,CMPTNG CARNEGIE MELL,L1,Lect,4,20,20%,2,4,4,4,4,3.75,4,4,4,4
Fall,2010,APRIL RUPP,CMU,99101,CMPTNG CARNEGIE MELL,M1,Lect,5,20,25%,2,3.8,3.8,3.8,3.6,3.6,3.6,3.8,3.8,3.6
Fall,2010,APRIL RUPP,CMU,99101,CMPTNG CARNEGIE MELL,N1,Lect,5,20,25%,2,3.33,3.5,2.75,2.75,2.75,3.25,3.75,2.67,2.75
Fall,2010,APRIL RUPP,CMU,99101,CMPTNG CARNEGIE MELL,N2,Lect,4,17,24%,2,3.25,3.75,3.75,3.25,3.5,3.5,3.75,3.75,3
Fall,2010,APRIL RUPP,CMU,99101,CMPTNG CARNEGIE MELL,O1,Lect,3,19,16%,2,3.5,3.5,3.5,3.5,3.5,3.5,3.5,3.5,2.5
Fall,2010,APRIL RUPP,CMU,99101,CMPTNG CARNEGIE MELL,O2,Lect,6,20,30%,2.5,3,3.67,3.67,3.2,2.4,3.17,3.67,3.17,2.33
Fall,2010,APRIL RUPP,CMU,99101,CMPTNG CARNEGIE MELL,P1,Lect,5,18,28%,2,3.6,3.8,3.8,3.8,3.4,3.4,3.8,3.6,4
Fall,2010,APRIL RUPP,CMU,99101,CMPTNG CARNEGIE MELL,P2,Lect,7,20,35%,2,3.67,3.67,3.67,3.67,3.67,3.67,3.67,3.67,3.33
Fall,2010,APRIL RUPP,CMU,99101,CMPTNG CARNEGIE MELL,Q1,Lect,6,19,32%,3,3.83,3.5,3.67,3.67,3.67,3.83,4,3.83,3.5
Fall,2010,APRIL RUPP,CMU,99101,CMPTNG CARNEGIE MELL,Q2,Lect,8,20,40%,2,3.33,3.5,3.33,3.33,3.17,3.5,3.83,3.67,3.14
Fall,2010,APRIL RUPP,CMU,99101,CMPTNG CARNEGIE MELL,R1,Lect,3,17,18%,2,3.67,3.67,3.67,3.67,3.67,4,4,3.67,3.67
Fall,2010,APRIL RUPP,CMU,99101,CMPTNG CARNEGIE MELL,R2,Lect,5,20,25%,4.4,4,4.25,4.25,4,4,4,4.25,4,4
Fall,2010,APRIL RUPP,CMU,99101,CMPTNG CARNEGIE MELL,S1,Lect,6,20,30%,2,2.5,3,3,2.2,2.17,2.67,2.83,2.83,2.67
Fall,2010,APRIL RUPP,CMU,99101,CMPTNG CARNEGIE MELL,S2,Lect,11,20,55%,2,3,3.22,3.22,3.11,3.22,3.44,3.33,3.33,2.89
Fall,2010,APRIL RUPP,CMU,99101,CMPTNG CARNEGIE MELL,T1,Lect,1,17,6%,2,4,5,3,3,3,3,5,4,3
Fall,2010,APRIL RUPP,CMU,99101,CMPTNG CARNEGIE MELL,T2,Lect,5,15,33%,2,2.75,2.75,2.75,2.75,2.75,2.75,2.75,2.75,2.2
Fall,2010,APRIL RUPP,CMU,99101,CMPTNG CARNEGIE MELL,U1,Lect,2,18,11%,3.5,3,4,4,4,4,4,4,4,4.5
Fall,2010,APRIL RUPP,CMU,99101,CMPTNG CARNEGIE MELL,V1,Lect,8,19,42%,3.5,3.13,3.63,3.63,2.71,3.25,3.13,4.13,3.63,3.13
Fall,2010,APRIL RUPP,CMU,99101,CMPTNG CARNEGIE MELL,W1,Lect,3,18,17%,2,3,4.33,4.33,4.33,3.67,3.67,4.33,4.33,4
Fall,2010,APRIL RUPP,CMU,99101,CMPTNG CARNEGIE MELL,W2,Lect,4,18,22%,2,3.5,4,4.5,4,4,4,4,3.5,4
Fall,2010,APRIL RUPP,CMU,99101,CMPTNG CARNEGIE MELL,X1,Lect,4,18,22%,2,3,4,3.75,3.25,3.5,3,3,3.5,3.5
Fall,2010,APRIL RUPP,CMU,99101,CMPTNG CARNEGIE MELL,X2,Lect,3,16,19%,2,3,4,4,3.33,3.33,3.33,4,3.67,3.5
Fall,2010,APRIL RUPP,CMU,99101,CMPTNG CARNEGIE MELL,Y1,Lect,7,17,41%,2.86,4,4.71,4.43,4,4.29,4.29,4.43,4,3.57
Fall,2010,APRIL RUPP,CMU,99101,CMPTNG CARNEGIE MELL,Z1,Lect,6,20,30%,2.5,2.8,3,3.2,2.6,2.8,2.8,3,3,3.33
Fall,2010,APRIL RUPP,CMU,99102,CMPTNG CARNEGIE MELL,G1,Lect,2,7,29%,2,4.5,4.5,4.5,5,4.5,4.5,5,4.5,4
Fall,2010,APRIL RUPP,CMU,99102,CMPTNG CARNEGIE MELL,G2,Lect,4,12,33%,2.75,4,4.25,3.75,3.75,3.75,3.75,3.75,3.75,3.75
Fall,2010,APRIL RUPP,CMU,99102,CMPTNG CARNEGIE MELL,H1,Lect,1,20,5%,2,5,3,3,3,3,3,3,3,3
Fall,2010,APRIL RUPP,CMU,99102,CMPTNG CARNEGIE MELL,H2,Lect,10,20,50%,3.2,3.4,3.7,3.5,3.5,3.4,3.2,3.5,3.7,3
Fall,2010,APRIL RUPP,CMU,99102,CMPTNG CARNEGIE MELL,I1,Lect,3,20,15%,2,1.33,3.33,3.67,1.67,2,1.67,3,2,1.67
Fall,2010,APRIL RUPP,CMU,99102,CMPTNG CARNEGIE MELL,I2,Lect,8,20,40%,2,3.63,3.5,3.5,3.63,3.38,3.5,3.5,3.25,3.25
Fall,2010,APRIL RUPP,CMU,99102,CMPTNG CARNEGIE MELL,J1,Lect,6,19,32%,2,3.67,3.67,3.67,3.5,3.67,3.67,3.83,3.67,3.83
Fall,2010,APRIL RUPP,CMU,99102,CMPTNG CARNEGIE MELL,J2,Lect,11,20,55%,3.2,3.27,3.64,3.64,3.18,3.55,3.45,3.64,3.27,3.45
Fall,2010,APRIL RUPP,CMU,99102,CMPTNG CARNEGIE MELL,K1,Lect,3,20,15%,2,3.33,3.33,3.33,3.67,3.33,3.33,3.67,3.33,3.33
Fall,2010,APRIL RUPP,CMU,99102,CMPTNG CARNEGIE MELL,K2,Lect,5,19,26%,2,3,3.5,3.5,3.25,3.25,3,3.5,3.25,3
Fall,2010,APRIL RUPP,CMU,99102,CMPTNG CARNEGIE MELL,L1,Lect,8,18,44%,2.75,3.13,3.5,3.5,3,2.75,2.75,3.63,3.13,3
Fall,2010,APRIL RUPP,CMU,99102,CMPTNG CARNEGIE MELL,L2,Lect,6,17,35%,2.5,3.67,3.33,3.67,3.33,3.5,3.5,3.83,3.67,3.33
Fall,2010,APRIL RUPP,CMU,99102,CMPTNG CARNEGIE MELL,M1,Lect,4,15,27%,2,2,4.25,3.75,3.75,3.75,4.25,4,3.67,3.25
Fall,2010,APRIL RUPP,CMU,99102,CMPTNG CARNEGIE MELL,M2,Lect,8,19,42%,3.5,3.38,3.38,3.25,3.38,3.38,3.5,3.38,3.5,3
Fall,2010,APRIL RUPP,CMU,99102,CMPTNG CARNEGIE MELL,N1,Lect,3,16,19%,4,3,3,3,2.67,3,3,3,3,3.33
Fall,2010,APRIL RUPP,CMU,99102,CMPTNG CARNEGIE MELL,O1,Lect,2,7,29%,3.5,2.5,3.5,3.5,3,3,3,3.5,3,3.5
Fall,2010,APRIL RUPP,CMU,99102,CMPTNG CARNEGIE MELL,P1,Lect,5,8,63%,2.6,4,3.6,3.6,3.6,3.6,3.8,4,3.6,3.6
Fall,2010,APRIL RUPP,CMU,99102,CMPTNG CARNEGIE MELL,R1,Lect,1,14,7%,2,4,4,4,4,3,4,5,4,3
Fall,2010,APRIL RUPP,CMU,99102,CMPTNG CARNEGIE MELL,S1,Lect,5,20,25%,2,3.8,4,3.8,3.4,3.4,3.4,4.2,3.6,3.4
Fall,2010,APRIL RUPP,CMU,99102,CMPTNG CARNEGIE MELL,T1,Lect,7,20,35%,2,3.8,3.8,3.8,3.8,3.8,3.8,3.8,3.8,3.86
Fall,2010,APRIL RUPP,CMU,99102,CMPTNG CARNEGIE MELL,U1,Lect,2,15,13%,2,3,3,3.5,3,3,3,4,3.5,3.5
Fall,2010,APRIL RUPP,CMU,99102,CMPTNG CARNEGIE MELL,V1,Lect,3,9,33%,3,3,3,3,3,3.33,3,3,3,3
Fall,2010,APRIL RUPP,CMU,99102,CMPTNG CARNEGIE MELL,W1,Lect,2,10,20%,2,3.5,4,4,4,3.5,3.5,4.5,4,3.5
Fall,2010,APRIL RUPP,CMU,99102,CMPTNG CARNEGIE MELL,X1,Lect,3,13,23%,2,3,3,3.5,3,3,3,3,3,3.33
Fall,2010,APRIL RUPP,CMU,99102,CMPTNG CARNEGIE MELL,Y1,Lect,4,15,27%,2,4,4.5,4.5,4.25,4.25,4.33,4.33,4.33,4.25
Fall,2010,APRIL RUPP,CMU,99102,CMPTNG CARNEGIE MELL,Z1,Lect,2,9,22%,6.5,4.5,5,5,4,4.5,5,5,4.5,5
Fall,2010,BIJAN ESFAHANI,CMU,99104,CARNEGIE SKILLS WRKS,Z,Lect,1,18,6%,2,5,5,5,5,5,5,5,5,5
Fall,2010,JOANNA DICKERT,CMU,99151,PRVLG RSPNSBLTY COMM,A2,Lect,9,24,38%,5.33,4.78,4.56,4.56,4.67,4.44,4.44,5,4.67,4.56
Fall,2010,JOANNA DICKERT,CMU,99151,PRVLG RSPNSBLTY COMM,W2,Lect,1,7,14%,2,5,4,5,5,4,4,5,5,5
Fall,2010,KELLEY SHELL,CMU,99190,MNGNG STRS RSTNG HRM,A2,Lect,11,27,41%,3.36,4.64,4.18,4.09,4.09,4.45,4.45,5,4.27,4.27
Fall,2010,PAULA MARTIN,CMU,99194,RELATIONSHIPS 101,A1,Lect,10,21,48%,4.4,4.4,3.8,4.3,3.8,4.3,4.2,4.5,4,4
Fall,2010,"MURPHY, M. (co-taught)",CMU,99208,VISIONING:LV WK MNY,A1,Lect,7,12,58%,5.86,5,4,4.57,4.43,4.86,4.57,5,4.71,5
Fall,2010,"DEY, F. (co-taught)",CMU,99208,VISIONING:LV WK MNY,A1,Lect,7,12,58%,5.86,4.71,4.43,4.43,4.29,4.57,4.57,5,4.57,5
Fall,2010,MICHAEL MURPHY,CMU,99208,VISIONING,A2,Lect,7,10,70%,4.57,5,4.86,4.71,5,5,4.71,5,5,4.86
Fall,2010,ROBERT HEARD,CMU,99238,MATERLS ENGY ENVIRON,A,Lect,13,22,59%,4.08,4,4.08,4.15,3.77,4.46,4.15,4.54,3.92,3.85
Fall,2010,WILLIAM ALBA,CMU,99241,REVLUTNS CIRCULARITY,A,Lect,11,14,79%,8,4.64,3.36,2.91,4,3.82,3.82,4.55,4.27,3.73
Fall,2010,PEGGY HEIDISH,CMU,99452,LANG & CUL TEACHNING,A1,Lect,3,6,50%,5,5,5,5,5,5,5,5,5,4.67
Fall,2010,HOLLY HIPPENSTEEL,CMU,99530,SENIOR CAPSTONE SMNR,A2,Lect,7,15,47%,5.43,4.57,4.43,4.57,3.86,4.43,4.71,4.71,4.57,4.43
Semester,Year,Instructor,Dept,Course ID,Course Name,Section,Type,Responses,Enrollment,Resp. Rate %,1: Overall course,2: Overall teaching,,,,,,,,
,2009,,,,Year of 2009,,,325,810,40%,3.5,4.09,,,,,,,,
Spring,2009,JOANNA DICKERT,CMU,99151,PRVLG RSPNSBLTY COMM,A4,Lect,12,62,19%,3.58,3.91,,,,,,,,
Spring,2009,KELLEY SHELL,CMU,99191,HLTH&WELL ACRSS SPEC,A4,Lect,10,29,34%,3.9,4.1,,,,,,,,
Spring,2009,PAULA MARTIN,CMU,99193,PERSONAL NUTRITION,A3,Lect,9,20,45%,4.22,4.56,,,,,,,,
Spring,2009,JUDITH HALLINEN,CMU,99200,TUTNG/MENTNG/RL MOD,A,Lect,3,6,50%,4,4.67,,,,,,,,
Spring,2009,WILLIAM ALBA,CMU,99242,MNG ACR MILLENNIA,A,Lect,2,7,29%,5,5,,,,,,,,
Spring,2009,LINDA HOOPER,CMU,99252,SEM ACADMC COUNSELNG,A,Lect,5,9,56%,4.4,4.6,,,,,,,,
Spring,2009,INDIRA NAIR,CMU,99340,GLOBAL ISS LCL SOLTN,A,Lect,13,18,72%,4.54,4.77,,,,,,,,
Spring,2009,CARA COSTELLO,CMU,99451,FLNCY FOR PRESENTTNS,A3,Lect,3,9,33%,3.33,4.67,,,,,,,,
Spring,2009,CARA COSTELLO,CMU,99451,FLNCY FOR PRESENTTNS,A4,Lect,2,11,18%,5,5,,,,,,,,
Spring,2009,PEGGY HEIDISH,CMU,99452,LANG & CUL TEACHNING,A3,Lect,3,6,50%,4.33,4.33,,,,,,,,
Spring,2009,"ROY, K. (co-taught)",CMU,99460,URBN AGRLT GLB CONTX,A,Lect,1,7,14%,4,4,,,,,,,,
Spring,2009,"PATRICK, L. (co-taught)",CMU,99460,URBN AGRLT GLB CONTX,A,Lect,1,7,14%,5,5,,,,,,,,
Fall,2009,APRIL RUPP,CMU,99101,CMPTNG CARNEGIE MELL,A2,Lect,9,19,47%,2.67,3,,,,,,,,
Fall,2009,APRIL RUPP,CMU,99101,CMPTNG CARNEGIE MELL,B2,Lect,13,28,46%,2.58,2.75,,,,,,,,
Fall,2009,APRIL RUPP,CMU,99101,CMPTNG CARNEGIE MELL,C2,Lect,14,27,52%,2.86,3.79,,,,,,,,
Fall,2009,APRIL RUPP,CMU,99101,CMPTNG CARNEGIE MELL,D2,Lect,9,27,33%,3.33,3.44,,,,,,,,
Fall,2009,APRIL RUPP,CMU,99101,CMPTNG CARNEGIE MELL,E2,Lect,10,26,38%,3.1,4.3,,,,,,,,
Fall,2009,APRIL RUPP,CMU,99101,CMPTNG CARNEGIE MELL,F2,Lect,9,20,45%,3.25,4.44,,,,,,,,
Fall,2009,APRIL RUPP,CMU,99101,CMPTNG CARNEGIE MELL,G2,Lect,15,28,54%,2.67,4,,,,,,,,
Fall,2009,APRIL RUPP,CMU,99101,CMPTNG CARNEGIE MELL,H2,Lect,8,27,30%,3,3.88,,,,,,,,
Fall,2009,APRIL RUPP,CMU,99101,CMPTNG CARNEGIE MELL,I2,Lect,13,27,48%,2.46,2.92,,,,,,,,
Fall,2009,"RUPP, A. (co-taught)",CMU,99101,CMPTNG CARNEGIE MELL,J1,Lect,10,27,37%,3.3,3.9,,,,,,,,
Fall,2009,"SONICK, S. (co-taught)",CMU,99101,CMPTNG CARNEGIE MELL,J1,Lect,10,27,37%,3.2,3.9,,,,,,,,
Fall,2009,APRIL RUPP,CMU,99101,CMPTNG CARNEGIE MELL,K1,Lect,16,27,59%,3.06,4.13,,,,,,,,
Fall,2009,APRIL RUPP,CMU,99101,CMPTNG CARNEGIE MELL,L1,Lect,13,27,48%,3,4.23,,,,,,,,
Fall,2009,BIJAN ESFAHANI,CMU,99104,CARNEGIE SKILLS WRKS,W,Lect,9,27,33%,3.67,4.38,,,,,,,,
Fall,2009,BIJAN ESFAHANI,CMU,99104,CARNEGIE SKILLS WRKS,X,Lect,8,19,42%,3.75,4.67,,,,,,,,
Fall,2009,BIJAN ESFAHANI,CMU,99104,CARNEGIE SKILLS WRKS,Y,Lect,14,26,54%,3.86,4.29,,,,,,,,
Fall,2009,BIJAN ESFAHANI,CMU,99104,CARNEGIE SKILLS WRKS,Z,Lect,6,16,38%,3.5,4.83,,,,,,,,
Fall,2009,JOANNA DICKERT,CMU,99151,PRVLG RSPNSBLTY COMM,A2,Lect,5,17,29%,3.4,3.8,,,,,,,,
Fall,2009,KELLEY SHELL,CMU,99190,MNGNG STRS RSTNG HRM,A2,Lect,4,26,15%,4.75,5,,,,,,,,
Fall,2009,PAULA MARTIN,CMU,99194,RELATIONSHIPS 101,A1,Lect,4,8,50%,3.75,4.5,,,,,,,,
Fall,2009,ROBERT HEARD,CMU,99238,MATERLS ENGY ENVIRON,A,Lect,8,25,32%,3.88,4.25,,,,,,,,
Fall,2009,WILLIAM ALBA,CMU,99241,REVLUTNS CIRCULARITY,A,Lect,8,13,62%,3.38,3.75,,,,,,,,
Fall,2009,INDIRA NAIR,CMU,99333,BRAZIL TODAY,A2,Lect,18,44,41%,3.94,4.31,,,,,,,,
Fall,2009,INDIRA NAIR,CMU,99339,PASSPORT GLBL AWARNS,A,Lect,10,15,67%,4.3,4.5,,,,,,,,
Fall,2009,CARA COSTELLO,CMU,99451,FLNCY FOR PRESENTTNS,A2,Lect,6,14,43%,4.67,4.67,,,,,,,,
Fall,2009,PEGGY HEIDISH,CMU,99452,LANG & CUL TEACHNING,A1,Lect,6,12,50%,4.6,4.67,,,,,,,,
Fall,2009,HOLLY HIPPENSTEEL,CMU,99530,SENIOR CAPSTONE SMNR,A2,Lect,6,20,30%,3.17,3.67,,,,,,,,
Semester,Year,Instructor,Dept,Course ID,Course Name,Section,Type,Responses,Enrollment,Resp. Rate %,9: Overall teaching,10: Overall course,,,,,,,,
,2008,,,,Year of 2008,,,63,160,39%,4.08,3.91,,,,,,,,
Spring,2008,JOANNA DICKERT,CMU,99151,PRVLG RSPNSBLTY COMM,A4,Lect,13,45,29%,4,3.69,,,,,,,,
Spring,2008,JUDITH HALLINEN,CMU,99200,TUTNG/MENTNG/RL MOD,A,Lect,4,7,57%,4.5,3.75,,,,,,,,
Spring,2008,"ROY, K. (co-taught)",CMU,99232,URBAN FARMNG ENVRNMT,A,Lect,9,22,41%,3.67,3.56,,,,,,,,
Spring,2008,"PATRICK, L. (co-taught)",CMU,99232,URBAN FARMNG ENVRNMT,A,Lect,9,22,41%,3.56,3.56,,,,,,,,
Spring,2008,WILLIAM ALBA,CMU,99241,REVLUTNS CIRCULARITY,A,Lect,5,12,42%,4.2,4.2,,,,,,,,
Spring,2008,SARAH CARVALHO,CMU,99451,FLNCY FOR PRESENTTNS,A4,Lect,7,11,64%,4.43,4.29,,,,,,,,
Spring,2008,PEGGY HEIDISH,CMU,99452,LANG & CUL TEACHNING,A3,Lect,6,8,75%,5,5,,,,,,,,
Spring,2008,PETER MADSEN,CMU,99522,CORP & ENVR RSPNSBLT,A4,Lect,10,33,30%,4,3.8,,,,,,,,
Semester,Year,Instructor,Dept,Course ID,Course Name,Section,Type,Responses,Enrollment,Resp. Rate %,1: Overall course,2: Overall teaching,,,,,,,,
,2008,,,,Year of 2008,,,128,272,47%,4.17,4.3,,,,,,,,
Fall,2008,JOANNA DICKERT,CMU,99151,PRVLG RSPNSBLTY COMM,A2,Lect,13,42,31%,3.83,4.15,,,,,,,,
Fall,2008,ROYCE FRANCIS,CMU,99231,ENV EARLY WARNINGS,A,Lect,4,9,44%,3,2.75,,,,,,,,
Fall,2008,JOE REGENSTEIN,CMU,99235,INTRO KOSHER HALAL,A2,Lect,15,29,52%,3.93,4,,,,,,,,
Fall,2008,ROBERT HEARD,CMU,99238,MATERLS ENGY ENVIRON,A,Lect,10,17,59%,3.6,4.4,,,,,,,,
Fall,2008,WILLIAM ALBA,CMU,99241,REVLUTNS CIRCULARITY,A,Lect,9,13,69%,4.44,4.33,,,,,,,,
Fall,2008,"NAIR, I. (co-taught)",CMU,99305,THE YEAR IS 1905,A,Lect,6,12,50%,4.8,5,,,,,,,,
Fall,2008,"FRANKLIN, G. (co-taught)",CMU,99305,THE YEAR IS 1905,A,Lect,6,12,50%,4.83,4.83,,,,,,,,
Fall,2008,"ARORA, A. (co-taught)",CMU,99331,INDIA TODAY,A2,Lect,16,36,44%,4.25,4.2,,,,,,,,
Fall,2008,"NAIR, I. (co-taught)",CMU,99331,INDIA TODAY,A2,Lect,16,36,44%,4.38,4.31,,,,,,,,
Fall,2008,"ROY, K. (co-taught)",CMU,99333,AGRI FOOD & ENVIRNMT,A,Lect,3,4,75%,3.33,4,,,,,,,,
Fall,2008,"PATRICK, L. (co-taught)",CMU,99333,AGRI FOOD & ENVIRNMT,A,Lect,3,4,75%,3.33,4,,,,,,,,
Fall,2008,CARA COSTELLO,CMU,99451,FLNCY FOR PRESENTTNS,A2,Lect,10,17,59%,4.4,4.5,,,,,,,,
Fall,2008,PEGGY HEIDISH,CMU,99452,LANG & CUL TEACHNING,A1,Lect,3,11,27%,4.67,4.67,,,,,,,,
Fall,2008,"DEFOREST, M. (co-taught)",CMU,99530,SENIOR CAPSTONE SMNR,A1,Lect,4,12,33%,4.25,4.5,,,,,,,,
Fall,2008,"HIPPENSTEEL, H. (co-taught)",CMU,99530,SENIOR CAPSTONE SMNR,A1,Lect,4,12,33%,4.25,4.5,,,,,,,,
Fall,2008,MICHELE DIPIETRO,CMU,99701,COLLEGE/UNIV TEACHNG,A,Lect,6,6,100%,4.83,4.67,,,,,,,,
Semester,Year,Instructor,Dept,Course ID,Course Name,Section,Type,Responses,Enrollment,Resp. Rate %,9: Overall teaching,10: Overall course,,,,,,,,
,2007,,,,Year of 2007,,,76,160,48%,4.29,4.12,,,,,,,,
Fall,2007,JOANNA DICKERT,CMU,99151,PRVLG RSPNSBLTY COMM,A2,Lect,14,47,30%,4.14,4.14,,,,,,,,
Fall,2007,ROBERT HEARD,CMU,99238,MATERLS ENGY ENVIRON,A,Lect,10,21,48%,4.2,3.9,,,,,,,,
Fall,2007,WILLIAM ALBA,CMU,99241,REVLUTNS CIRCULARITY,A,Lect,10,17,59%,3.4,3.2,,,,,,,,
Fall,2007,"NAIR, I. (co-taught)",CMU,99305,THE YEAR IS 1905,A,Lect,16,26,62%,4.75,4.63,,,,,,,,
Fall,2007,"FRANKLIN, G. (co-taught)",CMU,99305,THE YEAR IS 1905,A,Lect,16,26,62%,4.38,4.31,,,,,,,,
Fall,2007,SARAH CARVALHO,CMU,99451,FLNCY FOR PRESENTTNS,A2,Lect,5,12,42%,4.8,4.2,,,,,,,,
Fall,2007,PEGGY HEIDISH,CMU,99452,LANG & CUL TEACHNING,A1,Lect,5,11,45%,4.4,4,,,,,,,,